<?xml version="1.0"?>
<Knjige>
   <Knjiga>
      <Naslov>Dune</Naslov>
      <Autor>Frank Herbert</Autor>
      <Cijena>250 kn</Cijena>
      <Godina>1965</Godina>
  </Knjiga>
  <Knjiga>
      <Naslov>Game Of Thrones</Naslov>
      <Autor>George R. R. Martin</Autor>
      <Cijena>220 kn</Cijena>
      <Godina>2005</Godina>
  </Knjiga>
  <Knjiga>
      <Naslov>Harry Potter</Naslov>
      <Autor>J. K. Rowling</Autor>
      <Cijena>200 kn</Cijena>
      <Godina>2001</Godina>
  </Knjiga>
  <Knjiga>
      <Naslov>1984</Naslov>
      <Autor>George Orwell</Autor>
      <Cijena>150kn</Cijena>
      <Godina>1949</Godina>
  </Knjiga>
  
</Knjige>